               epoch,      train/box_loss,      train/obj_loss,      train/cls_loss,   metrics/precision,      metrics/recall,     metrics/mAP_0.5,metrics/mAP_0.5:0.95,        val/box_loss,        val/obj_loss,        val/cls_loss,               x/lr0,               x/lr1,               x/lr2
                   0,            0.045436,            0.065337,            0.016378,             0.67089,             0.60528,             0.68249,             0.44855,            0.041349,            0.038206,            0.010954,              0.0937,              0.0007,              0.0007
                   1,            0.043837,            0.061677,            0.017211,              0.7472,             0.62721,             0.72613,             0.48538,            0.040449,            0.037041,           0.0093996,            0.086485,           0.0014851,           0.0014851
                   2,             0.04476,             0.07007,            0.015963,             0.80472,             0.64779,             0.75176,             0.48662,             0.04016,            0.036183,           0.0083141,            0.079254,           0.0022545,           0.0022545
                   3,            0.044071,            0.062034,            0.013591,             0.78813,             0.66334,             0.76453,              0.5027,            0.040248,            0.035936,           0.0075696,            0.072008,           0.0030079,           0.0030079
                   4,            0.044543,            0.060823,             0.01325,             0.78826,             0.69593,             0.77838,             0.51381,            0.040059,            0.035184,           0.0069069,            0.064746,           0.0037456,           0.0037456
                   5,            0.045209,            0.056155,            0.013688,             0.78376,              0.7092,             0.78959,             0.49903,            0.042265,            0.033434,           0.0063392,            0.057467,           0.0044673,           0.0044673
