               epoch,      train/box_loss,      train/obj_loss,      train/cls_loss,   metrics/precision,      metrics/recall,     metrics/mAP_0.5,metrics/mAP_0.5:0.95,        val/box_loss,        val/obj_loss,        val/cls_loss,               x/lr0,               x/lr1,               x/lr2
                   0,            0.045436,            0.065337,            0.016378,             0.67089,             0.60528,             0.68249,             0.44855,            0.041349,            0.038206,            0.010954,              0.0937,              0.0007,              0.0007
                   1,            0.043837,            0.061677,            0.017211,              0.7472,             0.62721,             0.72613,             0.48538,            0.040449,            0.037041,           0.0093996,            0.086485,           0.0014851,           0.0014851
